"","collectiondate","country","countrycode","region","ntlmeanintensity","ntlcoverageperc","lcumixedforestperc","lcuclosedshrublandsperc","lcuopenshrublandsperc","lcuwoodysavannasperc","lcusavannasperc","lcugrasslandsperc","lcucroplandsperc","lcuurbanbuiltupperc","lcucroplandnatvegperc","lcubarrenperc","builtschools","builtmedicalfacilities","builtroads","builtresidence","mpi"
"1",2012-01-01,"Benin","BEN","alibori",0.057,37.098,0,0,0,0,0,12.193,24.905,0,0,0,0,0,25,0,0.528
"2",2012-01-01,"Benin","BEN","atacora",0.079,24.392,0,0,0,0,0,0,24.392,0,0,0,0,0,44,0,0.454
"3",2012-01-01,"Benin","BEN","atlantic",0.844,12.874,0,0,0,0,0,0.539,0,0,12.335,0,0,0,14,0,0.278
"4",2012-01-01,"Benin","BEN","borgou",0.055,35.561,0,0,0,0,17.147,0,18.415,0,0,0,0,2,83,0,0.351
"5",2012-01-01,"Benin","BEN","collines",0.073,28.82,0,0,0,0,28.82,0,0,0,0,0,0,0,10,0,0.292
"6",2012-01-01,"Benin","BEN","couffo",0.13,6.481,0,0,0,0,2.659,3.436,0,0,0.386,0,0,1,11,0,0.345
"7",2012-01-01,"Benin","BEN","donga",0.05,15.228,0,0,0,0,5.79,0,9.438,0,0,0,0,1,36,0,0.335
"8",2012-01-01,"Benin","BEN","littoral",0.876,0.575,0,0,0,0,0,0,0,0,0.575,0,0,0,115,0,0.083
"9",2012-01-01,"Benin","BEN","mono",0.12,6.631,0,0,0,0,0,6.552,0,0,0.08,0,0,1,36,0,0.259
"10",2012-01-01,"Benin","BEN","oueme",0.876,11.224,0,0,0,0,0,0,0,0,11.224,0,0,0,20,0,0.238
"11",2012-01-01,"Benin","BEN","plateau",0.363,14.015,0,0,0,0,9.846,0,0,0,4.169,0,0,0,4,0,0.347
"12",2012-01-01,"Benin","BEN","zou",0.163,10.82,0,0,0,0,10.032,0.036,0,0,0.751,0,0,0,23,0,0.334
"13",2014-01-01,"Benin","BEN","alibori",0.052,37.098,0,0,0,0,0,12.193,24.905,0,0,0,2,1,94,0,0.558
"14",2014-01-01,"Benin","BEN","atacora",0.064,24.392,0,0,0,0,0,6.78,17.612,0,0,0,55,10,86,0,0.46
"15",2014-01-01,"Benin","BEN","atlantic",0.898,12.874,0,0,0,0,0,0.539,0,0,12.335,0,0,4,37,0,0.269
"16",2014-01-01,"Benin","BEN","borgou",0.05,35.561,0,0,0,0,2.166,14.981,18.415,0,0,0,7,8,196,0,0.452
"17",2014-01-01,"Benin","BEN","collines",0.071,28.82,0,0,0,0,21.311,7.509,0,0,0,0,1,1,33,0,0.334
"18",2014-01-01,"Benin","BEN","couffo",0.161,6.481,0,0,0,0,2.659,3.436,0,0,0.386,0,0,2,21,0,0.39
"19",2014-01-01,"Benin","BEN","donga",0.048,15.228,0,0,0,0,4.342,1.447,9.438,0,0,0,2,4,59,0,0.369
"20",2014-01-01,"Benin","BEN","littoral",0.93,0.575,0,0,0,0,0,0,0,0,0.575,0,0,11,178,0,0.07
"21",2014-01-01,"Benin","BEN","mono",0.162,6.631,0,0,0,0,0,6.552,0,0,0.08,0,0,1,42,0,0.289
"22",2014-01-01,"Benin","BEN","oueme",0.93,11.224,0,0,0,0,0,0,0,0,11.224,0,1,4,103,2,0.268
"23",2014-01-01,"Benin","BEN","plateau",0.383,14.015,0,0,0,0,0,9.846,0,0,4.169,0,0,1,34,0,0.362
"24",2014-01-01,"Benin","BEN","zou",0.174,10.82,0,0,0,0,3.693,6.376,0,0,0.751,0,0,1,61,0,0.351
"25",2018-01-01,"Benin","BEN","alibori",0.243,37.098,0,0,0,0,0,12.193,24.905,0,0,0,2,4,153,0,0.552
"26",2018-01-01,"Benin","BEN","atacora",0.258,24.392,0,0,0,0,0,1.723,22.669,0,0,0,70,16,214,4,0.479
"27",2018-01-01,"Benin","BEN","atlantic",1.231,12.874,0,0,0,0,0,0.539,0,0,12.335,0,31,108,114,0,0.284
"28",2018-01-01,"Benin","BEN","borgou",0.255,35.561,0,0,0,0,2.166,14.981,18.415,0,0,0,36,25,446,48,0.466
"29",2018-01-01,"Benin","BEN","collines",0.28,28.82,0,0,0,0,21.311,7.509,0,0,0,0,6,23,140,0,0.305
"30",2018-01-01,"Benin","BEN","couffo",0.393,6.481,0,0,0,0,2.659,3.436,0,0,0.386,0,0,4,67,0,0.396
"31",2018-01-01,"Benin","BEN","donga",0.26,15.228,0,0,0,0,4.342,1.447,9.438,0,0,0,14,9,205,0,0.375
"32",2018-01-01,"Benin","BEN","littoral",1.268,0.575,0,0,0,0,0,0,0,0,0.575,0,7,89,319,6,0.076
"33",2018-01-01,"Benin","BEN","mono",0.407,6.631,0,0,0,0,0,6.552,0,0,0.08,0,35,15,119,0,0.287
"34",2018-01-01,"Benin","BEN","oueme",1.268,11.224,0,0,0,0,0,0,0,0,11.224,0,11,50,192,42,0.231
"35",2018-01-01,"Benin","BEN","plateau",0.647,14.015,0,0,0,0,0,9.846,0,0,4.169,0,8,60,78,0,0.396
"36",2018-01-01,"Benin","BEN","zou",0.404,10.82,0,0,0,0,3.693,6.376,0,0,0.751,0,4,23,4,0,0.311
"37",2022-01-01,"Benin","BEN","alibori",0.315,37.098,0,0,0,0,0,3.145,33.953,0,0,0,64,26,4,0,0.46
"38",2022-01-01,"Benin","BEN","atacora",0.363,24.392,0,0,0,0,0,1.723,22.669,0,0,0,87,19,223,212,0.414
"39",2022-01-01,"Benin","BEN","atlantic",1.329,12.874,0,0,0,0,0,0.539,0,0,12.335,0,218,144,137,6,0.22
"40",2022-01-01,"Benin","BEN","borgou",0.319,35.561,0,0,0,0,2.166,14.981,18.415,0,0,0,594,63,308,38,0.381
"41",2022-01-01,"Benin","BEN","collines",0.351,28.82,0,0,0,0,18.083,10.737,0,0,0,0,204,36,179,2,0.233
"42",2022-01-01,"Benin","BEN","couffo",0.548,6.481,0,0,0,0,0,6.095,0,0,0.386,0,9,5,73,0,0.353
"43",2022-01-01,"Benin","BEN","donga",0.329,15.228,0,0,0,0,4.342,1.447,9.438,0,0,0,88,11,196,0,0.344
"44",2022-01-01,"Benin","BEN","littoral",1.361,0.575,0,0,0,0,0,0,0,0,0.575,0,86,115,257,40,0.077
"45",2022-01-01,"Benin","BEN","mono",0.611,6.631,0,0,0,0,0,6.552,0,0,0.08,0,111,16,117,0,0.265
"46",2022-01-01,"Benin","BEN","oueme",1.361,11.224,0,0,0,0,0,0,0,0,11.224,0,136,60,193,46,0.167
"47",2022-01-01,"Benin","BEN","plateau",0.729,14.015,0,0,0,0,0,9.846,0,0,4.169,0,40,64,71,0,0.352
"48",2022-01-01,"Benin","BEN","zou",0.49,10.82,0,0,0,0,0,10.068,0,0,0.751,0,103,27,139,0,0.251
"49",2021-01-01,"Burkina Faso","BFA","boucle de mouhoun",0.33,31.671,0,0,0,0,0,31.671,0,0,0,0,412,103,308,297,0.395
"50",2021-01-01,"Burkina Faso","BFA","cascades",0.331,25.448,0,0,0,0,0,22.577,2.871,0,0,0,84,22,99,25,0.308
"51",2021-01-01,"Burkina Faso","BFA","centre",0.683,23.845,0,0,0,0,0,23.845,0,0,0,0,677,182,716,1113,0.088
"52",2021-01-01,"Burkina Faso","BFA","centre-est",0.348,30.518,0,0,0,0,0,30.518,0,0,0,0,31,14,140,14,0.37
"53",2021-01-01,"Burkina Faso","BFA","centre-nord",0.351,41.017,0,0,0,0,0,41.017,0,0,0,0,132,39,129,528,0.454
"54",2021-01-01,"Burkina Faso","BFA","centre-ouest",0.35,29.885,0,0,0,0,0,29.864,0.021,0,0,0,642,90,282,731,0.377
"55",2021-01-01,"Burkina Faso","BFA","centre-sud",0.383,11.817,0,0,0,0,0,11.817,0,0,0,0,190,32,165,472,0.34
"56",2021-01-01,"Burkina Faso","BFA","est",0.335,32.209,0,0,0,0,0,30.937,1.273,0,0,0,127,20,221,3057,0.528
"57",2021-01-01,"Burkina Faso","BFA","hauts basins",0.355,26.441,0,0,0,0,0,25.466,0.975,0,0,0,294,43,380,573,0.271
"58",2021-01-01,"Burkina Faso","BFA","nord",0.341,22.787,0,0,0,0,0,22.787,0,0,0,0,965,203,199,424,0.395
"59",2021-01-01,"Burkina Faso","BFA","plateau central",0.514,17.884,0,0,0,0,0,17.884,0,0,0,0,20,9,93,190,0.371
"60",2021-01-01,"Burkina Faso","BFA","sahel",0.31,27.526,0,0,0,0,0,27.526,0,0,0,0,57,18,185,414,0.614
"61",2021-01-01,"Burkina Faso","BFA","sud-ouest",0.337,22.575,0,0,0,0,0,7.479,15.095,0,0,0,54,11,124,2,0.474
"62",2012-01-01,"Cote d'Ivoire","CIV","centre",0.152,28.872,0,0,0,0,28.872,0,0,0,0,0,0,1,48,0,0.359
"63",2012-01-01,"Cote d'Ivoire","CIV","centre-est",0.125,19.238,0,0,0,0.868,18.37,0,0,0,0,0,0,0,0,0,0.297
"64",2012-01-01,"Cote d'Ivoire","CIV","centre-nord",0.098,32.346,0,0,0,0,30,2.346,0,0,0,0,0,0,30,0,0.322
"65",2012-01-01,"Cote d'Ivoire","CIV","centre-ouest",0.149,31.9,0,0,0,0.124,31.776,0,0,0,0,0,0,1,53,0,0.334
"66",2012-01-01,"Cote d'Ivoire","CIV","nord",0.065,30.096,0,0,0,0,10.358,19.738,0,0,0,0,0,0,41,0,0.477
"67",2012-01-01,"Cote d'Ivoire","CIV","nord-est",0.053,34.854,0,0,0,0,22.146,12.708,0,0,0,0,0,0,31,0,0.374
"68",2012-01-01,"Cote d'Ivoire","CIV","nord-ouest",0.059,33.044,0,0,0,0,32.336,0.708,0,0,0,0,0,0,36,0,0.518
"69",2012-01-01,"Cote d'Ivoire","CIV","ouest",0.097,27.753,0,0,0,15.86,10.155,0,0,0,0,0,0,2,76,0,0.38
"70",2012-01-01,"Cote d'Ivoire","CIV","sud sans abidjan",0.242,40.656,0,0,0,9.752,30.904,0,0,0,0,0,0,5,109,0,0.264
"71",2012-01-01,"Cote d'Ivoire","CIV","sud-ouest",0.074,26.466,0,0,0,0.712,19.1,0,0,0,0,0,0,1,61,0,0.394
"72",2012-01-01,"Cote d'Ivoire","CIV","ville d'abidjan",0.399,2.57,0,0,0,1.099,1.471,0,0,0,0,0,2,16,357,0,0.109
"73",2016-01-01,"Cote d'Ivoire","CIV","centre",0.177,28.872,0,0,0,0,28.872,0,0,0,0,0,4,14,159,0,0.221
"74",2016-01-01,"Cote d'Ivoire","CIV","centre-est",0.119,19.238,0,0,0,0.868,18.37,0,0,0,0,0,1,2,13,0,0.214
"75",2016-01-01,"Cote d'Ivoire","CIV","centre-nord",0.14,32.346,0,0,0,0,30,2.346,0,0,0,0,30,26,89,14,0.208
"76",2016-01-01,"Cote d'Ivoire","CIV","centre-ouest",0.154,31.9,0,0,0,0,31.9,0,0,0,0,0,5,10,121,824,0.312
"77",2016-01-01,"Cote d'Ivoire","CIV","nord",0.12,30.096,0,0,0,0,10.358,19.738,0,0,0,0,0,2,108,0,0.408
"78",2016-01-01,"Cote d'Ivoire","CIV","nord-est",0.086,34.854,0,0,0,0,22.146,12.708,0,0,0,0,15,3,27,2,0.343
"79",2016-01-01,"Cote d'Ivoire","CIV","nord-ouest",0.088,33.044,0,0,0,0,32.336,0.708,0,0,0,0,0,0,65,0,0.405
"80",2016-01-01,"Cote d'Ivoire","CIV","ouest",0.088,27.753,0,0,0,6.02,19.995,0,0,0,0,0,36,26,139,0,0.336
"81",2016-01-01,"Cote d'Ivoire","CIV","sud sans abidjan",0.312,40.656,0,0,0,9.752,30.904,0,0,0,0,0,8,29,248,2,0.192
"82",2016-01-01,"Cote d'Ivoire","CIV","sud-ouest",0.081,26.466,0,0,0,0,15.988,0,0,0,0,0,3,12,62,2,0.321
"83",2016-01-01,"Cote d'Ivoire","CIV","ville d'abidjan",0.539,2.57,0,0,0,1.099,1.471,0,0,0,0,0,114,136,1062,450,0.042
"84",2021-01-01,"Cote d'Ivoire","CIV","abidjan",0.889,8.598,0,0,0,3.116,5.482,0,0,0,0,0,365,732,1840,6649,0.062
"85",2021-01-01,"Cote d'Ivoire","CIV","bas sassandra",0.363,28.353,0,0,0,0,17.893,0,0,0,0,0,12,189,117,539,0.227
"86",2021-01-01,"Cote d'Ivoire","CIV","comoe",0.7,30.018,0,0,0,12.237,17.781,0,0,0,0,0,21,42,117,100,0.133
"87",2021-01-01,"Cote d'Ivoire","CIV","denguele",0.392,21.412,0,0,0,0,17.67,3.742,0,0,0,0,4,9,74,445,0.363
"88",2021-01-01,"Cote d'Ivoire","CIV","goh-djiboua",0.411,21.407,0,0,0,0,21.407,0,0,0,0,0,3,22,101,832,0.197
"89",2021-01-01,"Cote d'Ivoire","CIV","lacs",0.512,26.771,0,0,0,0,26.771,0,0,0,0,0,9,27,204,11,0.203
"90",2021-01-01,"Cote d'Ivoire","CIV","lagunes",0.7,27.169,0,0,0,4.576,22.593,0,0,0,0,0,8,23,162,44,0.182
"91",2021-01-01,"Cote d'Ivoire","CIV","montagnes",0.381,27.754,0,0,0,6.02,19.997,0,0,0,0,0,49,55,160,966,0.286
"92",2021-01-01,"Cote d'Ivoire","CIV","sassandra-marahoue",0.465,33.138,0,0,0,0,33.138,0,0,0,0,0,2,85,119,18,0.293
"93",2021-01-01,"Cote d'Ivoire","CIV","savanes",0.466,30.096,0,0,0,0,3.854,26.242,0,0,0,0,0,23,180,94,0.318
"94",2021-01-01,"Cote d'Ivoire","CIV","vallee du bandama",0.498,32.346,0,0,0,0,30,2.346,0,0,0,0,264,180,169,129,0.215
"95",2021-01-01,"Cote d'Ivoire","CIV","woroba",0.416,28.698,0,0,0,0,27.839,0.859,0,0,0,0,0,9,43,0,0.394
"96",2021-01-01,"Cote d'Ivoire","CIV","yamoussoukro",0.531,5.6,0,0,0,0,5.6,0,0,0,0,0,13,17,37,331,0.096
"97",2021-01-01,"Cote d'Ivoire","CIV","zanzan",0.358,34.847,0,0,0,0,22.142,12.704,0,0,0,0,12,22,65,32,0.312
"98",2014-01-01,"Cameroon","CMR","adamaoua",0.016,36.936,0,0,0,0,36.701,0,0.129,0,0,0,7,3,167,1211,0.315
"99",2014-01-01,"Cameroon","CMR","centre",0.086,42.801,0,0,0,7.622,1.22,0,0,0,0,0,267,46,456,967,0.143
"100",2014-01-01,"Cameroon","CMR","douala",0.201,5.908,0,0,0,2.648,0,0,0,0,0,0,168,100,265,0,0.022
"101",2014-01-01,"Cameroon","CMR","est",0.021,42.43,0,0,0,0,7.134,0,0,0,0,0,6,4,208,857,0.307
"102",2014-01-01,"Cameroon","CMR","extreme-nord",0.032,25.846,0,0,0,0,0,4.574,21.272,0,0,0,0,3,258,72,0.48
"103",2014-01-01,"Cameroon","CMR","littoral",0.139,21.857,0,0,0,5.4,0.291,0,0,0,0,0,14,1,194,0,0.078
"104",2014-01-01,"Cameroon","CMR","nord",0.04,42.025,0,0,0,0,26.836,1.496,13.693,0,0,0,17,41,240,11,0.423
"105",2014-01-01,"Cameroon","CMR","nord-ouest",0.034,23.668,0,0,0,0,18.63,0,0,0,0,0,7,20,201,2,0.173
"106",2014-01-01,"Cameroon","CMR","sud",0.056,42.836,0,0,0,0,0,0,0,0,0,0,0,1,204,0,0.128
"107",2014-01-01,"Cameroon","CMR","sud-ouest",0.833,28.644,0,0,0,8.07,2.362,0,0,0,0,0,17,20,175,40,0.136
"108",2014-01-01,"Cameroon","CMR","ouest",0.051,18.976,0,0,0,0,15.17,0,0,0,0,0,6,13,362,294,0.139
"109",2014-01-01,"Cameroon","CMR","yaounde",0.073,3.345,0,0,0,0,0,0,0,0,0,0,1641,223,447,140,0.015
"110",2018-01-01,"Cameroon","CMR","adamaoua",0.215,36.936,0,0,0,0,36.701,0,0.129,0,0,0,263,34,315,1231,0.388
"111",2018-01-01,"Cameroon","CMR","centre",0.297,42.801,0,0,0,7.622,1.22,0,0,0,0,0,492,85,613,1989,0.198
"112",2018-01-01,"Cameroon","CMR","douala",0.376,5.908,0,0,0,2.648,0,0,0,0,0,0,179,149,495,11,0.009
"113",2018-01-01,"Cameroon","CMR","est",0.213,42.43,0,0,0,0,7.134,0,0,0,0,0,21,16,326,566,0.304
"114",2018-01-01,"Cameroon","CMR","extreme-nord",0.232,25.846,0,0,0,0,0,10.749,15.097,0,0,0,1551,90,539,216,0.438
"115",2018-01-01,"Cameroon","CMR","littoral",0.324,21.857,0,0,0,5.4,0.291,0,0,0,0,0,127,29,301,98,0.094
"116",2018-01-01,"Cameroon","CMR","nord",0.238,42.025,0,0,0,0,19.598,8.733,13.693,0,0,0,20,42,480,34,0.426
"117",2018-01-01,"Cameroon","CMR","nord-ouest",0.23,23.668,0,0,0,0,18.63,0,3.728,0,0,0,117,33,329,1231,0.228
"118",2018-01-01,"Cameroon","CMR","sud",0.25,42.836,0,0,0,0,0,0,0,0,0,0,1,17,473,81,0.137
"119",2018-01-01,"Cameroon","CMR","sud-ouest",0.913,28.644,0,0,0,8.07,2.362,0,2.936,0,0,0,262,74,367,3048,0.034
"120",2018-01-01,"Cameroon","CMR","ouest",0.258,18.976,0,0,0,0,15.17,0,0,0,0,0,480,77,758,218,0.099
"121",2018-01-01,"Cameroon","CMR","yaounde",0.276,3.345,0,0,0,0,0,0,0,0,0,0,1685,258,705,162,0.005
"122",2014-01-01,"Ghana","GHA","upper east",0.106,12.183,0,0,0,0,0,12.183,0,0,0,0,5,10,65,0,0.277
"123",2014-01-01,"Ghana","GHA","western",0.179,21.941,0,0,0,9.183,11.394,0,0,0,0,0,0,9,115,7,0.091
"124",2014-01-01,"Ghana","GHA","upper west",0.101,26.127,0,0,0,0,0,26.127,0,0,0,0,0,3,49,392,0.243
"125",2014-01-01,"Ghana","GHA","northern",0.106,47.586,0,0,0,0,2.958,41.248,3.38,0,0,0,12,34,173,2,0.369
"126",2014-01-01,"Ghana","GHA","brong ahafo",0.131,32.647,0,0,0,2.666,17.427,12.553,0,0,0,0,5,7,130,3,0.138
"127",2014-01-01,"Ghana","GHA","volta",0.167,21.116,0,0,0,0,13.733,6.211,0,0,0,0,0,16,96,5,0.147
"128",2014-01-01,"Ghana","GHA","central",0.457,19.584,0,0,0,13.297,0.174,0,0,0,0,0,6,6,102,0,0.142
"129",2014-01-01,"Ghana","GHA","greater accra",0.405,10.114,0,0,0,0,0.782,0,0,0,0,0,15,74,409,280,0.045
"130",2014-01-01,"Ghana","GHA","ashanti",0.306,28.599,0,0,0,4.89,19.75,3.959,0,0,0,0,3,8,278,127,0.081
"131",2014-01-01,"Ghana","GHA","eastern",0.523,19.341,0,0,0,12.262,3.184,1.117,0,0,0,0,0,12,109,0,0.133
"132",2018-01-01,"Ghana","GHA","upper east",0.335,12.183,0,0,0,0,0,12.183,0,0,0,0,23,18,118,675,0.214
"133",2018-01-01,"Ghana","GHA","western",0.441,21.941,0,0,0,9.183,11.394,0,0,0,0,0,51,50,319,940,0.082
"134",2018-01-01,"Ghana","GHA","upper west",0.324,26.127,0,0,0,0,0,26.127,0,0,0,0,12,10,152,257,0.202
"135",2018-01-01,"Ghana","GHA","northern",0.314,47.586,0,0,0,0,2.958,41.248,3.38,0,0,0,53,53,332,611,0.296
"136",2018-01-01,"Ghana","GHA","brong ahafo",0.385,32.647,0,0,0,2.666,17.427,12.553,0,0,0,0,60,42,417,111,0.11
"137",2018-01-01,"Ghana","GHA","volta",0.442,21.116,0,0,0,0,13.733,6.211,0,0,0,0,60,31,385,231,0.14
"138",2018-01-01,"Ghana","GHA","central",0.817,19.584,0,0,0,13.297,0.174,0,0,0,0,0,17,17,205,11,0.085
"139",2018-01-01,"Ghana","GHA","greater accra",0.745,10.114,0,0,0,0,0.782,0,0,0,0,0,187,195,2012,659,0.032
"140",2018-01-01,"Ghana","GHA","ashanti",0.636,28.599,0,0,0,4.89,19.75,3.959,0,0,0,0,78,37,548,541,0.073
"141",2018-01-01,"Ghana","GHA","eastern",1.062,19.341,0,0,0,12.262,3.184,1.117,0,0,0,0,30,41,382,622,0.071
"142",2022-01-01,"Ghana","GHA","ahafo",0.579,14.168,0,0,0,8.281,5.887,0,0,0,0,0,272,23,74,33,0.127
"143",2022-01-01,"Ghana","GHA","ashanti",0.977,28.49,0,0,0,4.954,19.802,3.734,0,0,0,0,167,77,637,1359,0.06
"144",2022-01-01,"Ghana","GHA","bono",0.613,15.587,0,0,0,0.245,15.342,0,0,0,0,0,114,29,205,133,0.066
"145",2022-01-01,"Ghana","GHA","bono east",0.481,27.243,0,0,0,0,9.005,18.239,0,0,0,0,41,27,164,62,0.171
"146",2022-01-01,"Ghana","GHA","central",1.236,19.74,0,0,0,13.355,0.188,0,0,0,0,0,44,63,259,343,0.082
"147",2022-01-01,"Ghana","GHA","eastern",1.796,22.145,0,0,0,13.922,3.64,1.405,0,0,0,0,115,61,489,1044,0.069
"148",2022-01-01,"Ghana","GHA","greater accra",1.172,7.585,0,0,0,0.003,0.654,0,0,0,0,0,639,303,2343,3405,0.021
"149",2022-01-01,"Ghana","GHA","north east",0.483,12.399,0,0,0,0,0,12.399,0,0,0,0,11,11,107,51,0.339
"150",2022-01-01,"Ghana","GHA","northern",0.479,25.401,0,0,0,0,0,25.401,0,0,0,0,74,29,216,665,0.309
"151",2022-01-01,"Ghana","GHA","oti",0.445,23.316,0,0,0,0,11.257,12.059,0,0,0,0,55,27,107,739,0.219
"152",2022-01-01,"Ghana","GHA","savannah",0.443,36.817,0,0,0,0,4.465,32.352,0,0,0,0,50,10,95,157,0.326
"153",2022-01-01,"Ghana","GHA","upper east",0.486,11.919,0,0,0,0,0,11.919,0,0,0,0,97,24,186,523,0.157
"154",2022-01-01,"Ghana","GHA","upper west",0.464,25.753,0,0,0,0,0,25.753,0,0,0,0,32,17,167,617,0.177
"155",2022-01-01,"Ghana","GHA","volta",0.894,15.53,0,0,0,0,13.084,0.585,0,0,0,0,106,52,384,315,0.083
"156",2022-01-01,"Ghana","GHA","western",0.727,16.645,0,0,0,5.642,9.249,0,0,0,0,0,85,64,288,1108,0.054
"157",2022-01-01,"Ghana","GHA","western north",0.541,16.257,0,0,0,8.69,7.566,0,0,0,0,0,57,17,117,72,0.102
"158",2012-01-01,"Guinea","GIN","boke",0.073,28.252,0,0,0,0,21.372,1.29,0,0,0,0,0,1,0,0,0.418
"159",2012-01-01,"Guinea","GIN","conakry",0.081,3.449,0,0,0,0,3.449,0,0,0,0,0,0,3,81,0,0.122
"160",2012-01-01,"Guinea","GIN","faranah",0.064,26.827,0,0,0,0,25.734,1.093,0,0,0,0,0,0,39,0,0.599
"161",2012-01-01,"Guinea","GIN","kankan",0.064,39.673,0,0,0,0,28.51,11.163,0,0,0,0,0,0,55,0,0.603
"162",2012-01-01,"Guinea","GIN","kindia",0.072,35.233,0,0,0,0,35.233,0,0,0,0,0,1,3,78,0,0.503
"163",2012-01-01,"Guinea","GIN","labe",0.082,37.604,0,0,0,0,27.208,10.396,0,0,0,0,0,0,0,0,0.554
"164",2012-01-01,"Guinea","GIN","mamou",0.065,24.515,0,0,0,0,24.515,0,0,0,0,0,0,2,0,0,0.531
"165",2012-01-01,"Guinea","GIN","nzerekore",0.082,33.265,0,0,0,4.68,25.563,0,0,0,0,0,0,1,88,0,0.509
"166",2016-01-01,"Guinea","GIN","boke",0.087,28.252,0,0,0,0,21.372,1.29,0,0,0,0,24,6,115,150,0.326
"167",2016-01-01,"Guinea","GIN","conakry",0.124,3.449,0,0,0,0,3.449,0,0,0,0,0,14,19,104,2252,0.068
"168",2016-01-01,"Guinea","GIN","faranah",0.12,26.827,0,0,0,0,25.734,1.093,0,0,0,0,28,9,237,1433,0.501
"169",2016-01-01,"Guinea","GIN","kankan",0.103,39.673,0,0,0,0,28.51,11.163,0,0,0,0,40,4,301,3000,0.459
"170",2016-01-01,"Guinea","GIN","kindia",0.089,35.233,0,0,0,0,35.233,0,0,0,0,0,117,40,256,973,0.315
"171",2016-01-01,"Guinea","GIN","labe",0.135,37.604,0,0,0,0,27.208,10.396,0,0,0,0,16,3,2,968,0.454
"172",2016-01-01,"Guinea","GIN","mamou",0.09,24.515,0,0,0,0,24.515,0,0,0,0,0,5,14,110,1974,0.434
"173",2016-01-01,"Guinea","GIN","nzerekore",0.077,33.265,0,0,0,4.68,25.563,0,0,0,0,0,340,92,413,6198,0.384
"174",2018-01-01,"Guinea","GIN","boke",0.297,28.224,0,0,0,0,21.275,1.312,0,0,0,0,29,8,5,320,0.422
"175",2018-01-01,"Guinea","GIN","conakry",0.35,3.459,0,0,0,0,3.459,0,0,0,0,0,62,153,272,2168,0.063
"176",2018-01-01,"Guinea","GIN","faranah",0.298,26.854,0,0,0,0,25.751,1.104,0,0,0,0,37,10,151,1577,0.489
"177",2018-01-01,"Guinea","GIN","kankan",0.3,39.517,0,0,0,0,28.474,11.043,0,0,0,0,43,7,259,3025,0.417
"178",2018-01-01,"Guinea","GIN","kindia",0.304,35.282,0,0,0,0,35.282,0,0,0,0,0,117,44,218,1073,0.364
"179",2018-01-01,"Guinea","GIN","labe",0.294,37.849,0,0,0,0,27.207,10.642,0,0,0,0,62,16,110,986,0.494
"180",2018-01-01,"Guinea","GIN","mamou",0.285,24.545,0,0,0,0,24.545,0,0,0,0,0,4,18,88,2288,0.401
"181",2018-01-01,"Guinea","GIN","nzerekore",0.282,33.314,0,0,0,4.765,25.571,0,0,0,0,0,341,92,410,6159,0.434
"182",2014-01-01,"Guinea-Bissau","GNB","bafata",0.108,12.139,0,0,0,0,12.111,0,0,0,0,0,0,0,0,0,0.534
"183",2014-01-01,"Guinea-Bissau","GNB","biombo",0.036,3.14,0,0,0,0,0.071,0,0,0,0,0,0,0,10,0,0.384
"184",2014-01-01,"Guinea-Bissau","GNB","bissau",0.036,0.689,0,0,0,0,0,0,0,0,0,0,0,3,2,51,0.155
"185",2014-01-01,"Guinea-Bissau","GNB","bolama",0.023,4.255,0,0,0,0,0,0,0,0,0,0,0,0,0,0,0.315
"186",2014-01-01,"Guinea-Bissau","GNB","cacheu",0.06,9.919,0,0,0,0,8.542,0,0,0,0,0,0,0,42,0,0.335
"187",2014-01-01,"Guinea-Bissau","GNB","gabu",0.119,18.766,0,0,0,0,18.766,0,0,0,0,0,0,0,0,0,0.536
"188",2014-01-01,"Guinea-Bissau","GNB","oio",0.077,11.356,0,0,0,0,10.439,0,0,0,0,0,0,0,1,92,0.537
"189",2014-01-01,"Guinea-Bissau","GNB","quinara",0.047,12.255,0,0,0,0,2.154,0,0,0,0,0,0,0,2,0,0.421
"190",2014-01-01,"Guinea-Bissau","GNB","tombali",0.066,7.05,0,0,0,0,3.497,0,0,0,0,0,0,0,0,6,0.451
"191",2019-01-01,"Guinea-Bissau","GNB","bafata",0.211,12.139,0,0,0,0,12.139,0,0,0,0,0,0,1,0,19,0.425
"192",2019-01-01,"Guinea-Bissau","GNB","biombo",0.191,3.14,0,0,0,0,3.14,0,0,0,0,0,0,1,16,11,0.286
"193",2019-01-01,"Guinea-Bissau","GNB","bissau",0.191,0.689,0,0,0,0,0.689,0,0,0,0,0,1,6,41,53,0.11
"194",2019-01-01,"Guinea-Bissau","GNB","bolama",0.172,4.255,0,0,0,0,1.933,0,0,0,0,0,8,14,0,32,0.324
"195",2019-01-01,"Guinea-Bissau","GNB","cacheu",0.196,9.919,0,0,0,0,4.154,4.595,0,0,0,0,0,2,51,5,0.292
"196",2019-01-01,"Guinea-Bissau","GNB","gabu",0.222,18.766,0,0,0,0,18.766,0,0,0,0,0,0,1,0,9,0.489
"197",2019-01-01,"Guinea-Bissau","GNB","oio",0.215,11.356,0,0,0,0,11.356,0,0,0,0,0,0,0,33,993,0.476
"198",2019-01-01,"Guinea-Bissau","GNB","quinara",0.192,12.255,0,0,0,0,12.255,0,0,0,0,0,0,3,2,471,0.335
"199",2019-01-01,"Guinea-Bissau","GNB","tombali",0.193,7.05,0,0,0,0,6.886,0,0,0,0,0,1,1,0,6,0.377
"200",2013-01-01,"Liberia","LBR","bomi",0.113,7.871,0,0,0,0,0,0,0,0,0,0,0,0,7,0,0.368
"201",2013-01-01,"Liberia","LBR","bong",0.122,17.764,0,0,0,9.161,0,0,0,0,0,0,0,0,18,0,0.484
"202",2013-01-01,"Liberia","LBR","gbarpolu",0.115,20.149,0,0,0,15.061,0.008,0,0,0,0,0,0,0,7,0,0.445
"203",2013-01-01,"Liberia","LBR","grand bassa",0.115,16.064,0,0,0,9.269,0,0,0,0,0,0,0,0,16,0,0.464
"204",2013-01-01,"Liberia","LBR","grand cape mount",0.092,9.64,0,0,0,6.153,0,0,0,0,0,0,0,0,12,0,0.408
"205",2013-01-01,"Liberia","LBR","grand gedeh",0.115,17.53,0,0,0,6.792,0,0,0,0,0,0,0,2,13,0,0.304
"206",2013-01-01,"Liberia","LBR","grand kru",0.079,10.515,0,0,0,0,0,0,0,0,0,0,0,0,0,0,0.395
"207",2013-01-01,"Liberia","LBR","lofa",0.11,20.147,0,0,0,1.936,10.673,0,0,0,0,0,0,0,12,803,0.411
"208",2013-01-01,"Liberia","LBR","margibi",0.117,10.447,0,0,0,0.999,0,0,0,0,0,0,0,0,14,0,0.31
"209",2013-01-01,"Liberia","LBR","maryland",0.092,4.666,0,0,0,0,0,0,0,0,0,0,0,0,0,0,0.341
"210",2013-01-01,"Liberia","LBR","montserrado",0.115,15.504,0,0,0,0,0,0,0,0,0,0,0,3,61,5,0.175
"211",2013-01-01,"Liberia","LBR","nimba",0.123,15.651,0,0,0,14.677,0,0,0,0,0,0,0,0,47,0,0.356
"212",2013-01-01,"Liberia","LBR","river cess",0.088,22.609,0,0,0,6.845,0,0,0,0,0,0,0,0,0,0,0.462
"213",2013-01-01,"Liberia","LBR","river gee",0.113,13.809,0,0,0,0,0,0,0,0,0,0,0,0,0,0,0.387
"214",2013-01-01,"Liberia","LBR","sinoe",0.095,19.7,0,0,0,0,0,0,0,0,0,0,0,0,0,0,0.385
"215",2020-01-01,"Liberia","LBR","bomi",0.282,7.871,0,0,0,0,0,0,0,0,0,0,7,24,27,3,0.304
"216",2020-01-01,"Liberia","LBR","bong",0.277,17.764,0,0,0,9.161,0,0,0,0,0,0,335,67,137,821,0.371
"217",2020-01-01,"Liberia","LBR","gbarpolu",0.271,20.149,0,0,0,15.061,0.008,0,0,0,0,0,13,17,13,94,0.396
"218",2020-01-01,"Liberia","LBR","grand bassa",0.267,16.064,0,0,0,9.269,0,0,0,0,0,0,15,43,81,1491,0.391
"219",2020-01-01,"Liberia","LBR","grand cape mount",0.244,9.64,0,0,0,6.153,0,0,0,0,0,0,3,45,40,363,0.361
"220",2020-01-01,"Liberia","LBR","grand gedeh",0.272,17.53,0,0,0,6.792,0,0,0,0,0,0,214,46,28,63,0.297
"221",2020-01-01,"Liberia","LBR","grand kru",0.241,10.515,0,0,0,0,0,0,0,0,0,0,0,5,11,34,0.336
"222",2020-01-01,"Liberia","LBR","lofa",0.268,20.147,0,0,0,1.936,10.673,0,0,0,0,0,33,103,74,1147,0.318
"223",2020-01-01,"Liberia","LBR","margibi",0.284,10.447,0,0,0,0.999,0,0,0,0,0,0,13,33,55,1078,0.255
"224",2020-01-01,"Liberia","LBR","maryland",0.248,4.666,0,0,0,0,0,0,0,0,0,0,0,27,19,205,0.282
"225",2020-01-01,"Liberia","LBR","montserrado",0.285,15.504,0,0,0,0,0,0,0,0,0,0,60,261,102,3515,0.122
"226",2020-01-01,"Liberia","LBR","nimba",0.283,15.651,0,0,0,14.677,0,0,0,0,0,0,277,85,127,1951,0.326
"227",2020-01-01,"Liberia","LBR","river cess",0.236,22.609,0,0,0,6.845,0,0,0,0,0,0,5,17,0,510,0.415
"228",2020-01-01,"Liberia","LBR","river gee",0.271,13.809,0,0,0,0,0,0,0,0,0,0,0,26,21,7,0.28
"229",2020-01-01,"Liberia","LBR","sinoe",0.248,19.7,0,0,0,0,0,0,0,0,0,0,0,31,50,26,0.267
"230",2013-01-01,"Mali","MLI","bamako",0.32,1.016,0,0,0,0,0,1.016,0,0,0,0,1,315,363,2,0.168
"231",2013-01-01,"Mali","MLI","kayes",0.157,50.936,0,0,0,0,0.061,50.875,0,0,0,0,0,254,330,0,0.485
"232",2013-01-01,"Mali","MLI","koulikoro",0.146,42.165,0,0,0,0,0,42.165,0,0,0,0,0,294,210,0,0.44
"233",2013-01-01,"Mali","MLI","mopti",0.077,42.703,0,0,0,0,0,42.567,0,0,0,0.136,0,190,168,15,0.594
"234",2013-01-01,"Mali","MLI","segou",0.091,36.738,0,0,0,0,0,36.738,0,0,0,0,0,233,224,5,0.498
"235",2013-01-01,"Mali","MLI","sikasso",0.105,45.486,0,0,0,0,6.655,38.83,0,0,0,0,0,274,145,0,0.484
"236",2015-01-01,"Mali","MLI","bamako",0.325,1.016,0,0,0,0,0,1.016,0,0,0,0,160,388,396,548,0.129
"237",2015-01-01,"Mali","MLI","gao",0.091,51.335,0,0,0,0,0,5.331,0,0,0,46.004,0,82,113,63,0.522
"238",2015-01-01,"Mali","MLI","kayes",0.15,50.936,0,0,0,0,0.061,50.875,0,0,0,0,2,259,360,3174,0.464
"239",2015-01-01,"Mali","MLI","koulikoro",0.163,42.165,0,0,0,0,0,42.165,0,0,0,0,70,317,418,1985,0.46
"240",2015-01-01,"Mali","MLI","mopti",0.092,42.703,0,0,0,0,0,42.703,0,0,0,0,0,193,175,15,0.567
"241",2015-01-01,"Mali","MLI","segou",0.095,36.738,0,0,0,0,0,36.738,0,0,0,0,0,242,240,6,0.518
"242",2015-01-01,"Mali","MLI","sikasso",0.116,45.486,0,0,0,0,6.655,38.83,0,0,0,0,4,279,221,65,0.482
"243",2015-01-01,"Mali","MLI","timbuktu",0.114,71.258,0,0,0,0,0,3.934,0,0,0,67.323,18,99,129,45,0.571
"244",2018-01-01,"Mali","MLI","bamako",0.568,1.016,0,0,0,0,0,1.016,0,0,0,0,154,224,446,598,0.11
"245",2018-01-01,"Mali","MLI","gao",0.22,51.335,0,0,0,0,0,5.331,0,0,0,46.004,0,20,134,65,0.473
"246",2018-01-01,"Mali","MLI","kayes",0.287,50.936,0,0,0,0,0.061,50.875,0,0,0,0,56,110,752,3467,0.421
"247",2018-01-01,"Mali","MLI","kidal",0.218,48.055,0,0,0,0,0,0,0,0,0,48.055,0,11,115,8,0.476
"248",2018-01-01,"Mali","MLI","koulikoro",0.299,42.165,0,0,0,0,0,42.165,0,0,0,0,70,227,554,2191,0.353
"249",2018-01-01,"Mali","MLI","mopti",0.226,42.703,0,0,0,0,0,42.703,0,0,0,0,2,50,159,4672,0.496
"250",2018-01-01,"Mali","MLI","segou",0.236,36.738,0,0,0,0,0,36.738,0,0,0,0,33,83,330,10,0.424
"251",2018-01-01,"Mali","MLI","sikasso",0.284,45.486,0,0,0,0,6.655,38.83,0,0,0,0,118,103,531,13,0.416
"252",2018-01-01,"Mali","MLI","timbuktu",0.239,71.258,0,0,0,0,0,3.934,0,0,0,67.323,19,24,99,183,0.535
"253",2015-01-01,"Mauritania","MRT","adrar",0.117,53.623,0,0,0,0,0,0,0,0,0,53.623,1,3,87,1,0.169
"254",2015-01-01,"Mauritania","MRT","assaba",0.096,27.619,0,0,0,0,0,15.962,0,0,0,11.657,0,0,0,0,0.36
"255",2015-01-01,"Mauritania","MRT","brakna",0.1,35.27,0,0,0,0,0,3.902,0,0,0,31.368,0,0,17,0,0.334
"256",2015-01-01,"Mauritania","MRT","dakhlet nouadhibou",0.106,16.861,0,0,0,0,0,0,0,0,0,10.376,0,2,6,15,0.034
"257",2015-01-01,"Mauritania","MRT","gorgol",0.095,29.12,0,0,0,0,0,13.497,0,0,0,15.624,0,1,26,0,0.359
"258",2015-01-01,"Mauritania","MRT","guidimaka",0.097,17.996,0,0,0,0,0,17.996,0,0,0,0,0,0,3,0,0.421
"259",2015-01-01,"Mauritania","MRT","hodh ech chargui",0.122,53.126,0,0,0,0,0,8.376,0,0,0,44.749,0,0,0,35,0.387
"260",2015-01-01,"Mauritania","MRT","hodh el gharbi",0.108,42.567,0,0,0,0,0,30.36,0,0,0,12.208,0,1,0,0,0.335
"261",2015-01-01,"Mauritania","MRT","inchiri",0.113,38.593,0,0,0,0,0,0,0,0,0,36.059,0,0,0,0,0.073
"262",2015-01-01,"Mauritania","MRT","nouakchott",0.113,3.196,0,0,0,0,0,0,0,0,0,2.772,1,44,529,11335,0.074
"263",2015-01-01,"Mauritania","MRT","tagant",0.113,50.757,0,0,0,0,0,0,0,0,0,50.757,0,0,0,0,0.262
"264",2015-01-01,"Mauritania","MRT","tiris zemmour",0.115,58.07,0,0,0,0,0,0,0,0,0,58.07,0,3,16,0,0.031
"265",2015-01-01,"Mauritania","MRT","trarza",0.115,41.883,0,0,0,0,0,3.973,0,0,0,34.846,0,1,26,0,0.191
"266",2021-01-01,"Mauritania","MRT","adrar",0.319,53.932,0,0,0,0,0,0,0,0,0,53.932,1,5,139,236,0.191
"267",2021-01-01,"Mauritania","MRT","assaba",0.309,27.639,0,0,0,0,0,15.953,0,0,0,11.686,0,3,105,0,0.433
"268",2021-01-01,"Mauritania","MRT","brakna",0.315,35.334,0,0,0,0,0,3.662,0,0,0,31.672,5,1,87,0,0.334
"269",2021-01-01,"Mauritania","MRT","dakhlet nouadhibou",0.324,23.154,0,0,0,0,0,0,0,0,0,17.377,5,3,18,229,0.047
"270",2021-01-01,"Mauritania","MRT","gorgol",0.311,28.903,0,0,0,0,0,13.206,0,0,0,15.697,1,4,132,0,0.467
"271",2021-01-01,"Mauritania","MRT","guidimagha",0.313,17.938,0,0,0,0,0,17.938,0,0,0,0,0,8,88,0,0.525
"272",2021-01-01,"Mauritania","MRT","hodh echargui",0.324,53.138,0,0,0,0,0,8.656,0,0,0,44.482,0,30,92,78,0.523
"273",2021-01-01,"Mauritania","MRT","hodh gharbi",0.316,41.616,0,0,0,0,0,30.089,0,0,0,11.527,1,3,51,2,0.482
"274",2021-01-01,"Mauritania","MRT","nouakchott nord",0.333,0.813,0,0,0,0,0,0,0,0,0,0.813,11,25,37,524,0.092
"275",2021-01-01,"Mauritania","MRT","nouakchott ouest",0.32,0.42,0,0,0,0,0,0,0,0,0,0.254,7,43,104,614,0.077
"276",2021-01-01,"Mauritania","MRT","nouakchott sud",0.354,0.27,0,0,0,0,0,0,0,0,0,0.214,1,29,70,216,0.1
"277",2021-01-01,"Mauritania","MRT","tagant",0.323,52.875,0,0,0,0,0,0,0,0,0,52.875,1,1,72,0,0.371
"278",2021-01-01,"Mauritania","MRT","tiris zemour et inchiri",0.315,49.939,0,0,0,0,0,0,0,0,0,49.745,0,4,37,0,0.071
"279",2021-01-01,"Mauritania","MRT","trarza",0.336,40.575,0,0,0,0,0,4.114,0,0,0,33.819,2,10,56,163,0.227
"280",2012-01-01,"Niger","NER","agadez",0.065,71.81,0,0,0,0,0,0.27,0,0,0,71.54,0,0,42,0,0.413
"281",2012-01-01,"Niger","NER","diffa",0.068,53.947,0,0,0,0,0,6.875,0.963,0,0,46.108,0,0,19,0,0.577
"282",2012-01-01,"Niger","NER","dosso",0.049,29.457,0,0,0,0,0,15.402,8.192,0,3.458,2.405,0,0,50,0,0.625
"283",2012-01-01,"Niger","NER","maradi",0.038,32.841,0,0,0,0,0,11.193,0,0,20.048,1.601,0,0,48,0,0.651
"284",2012-01-01,"Niger","NER","tahoua",0.049,52.106,0,0,0,0,0,22.427,0,0,4.367,25.313,0,0,48,0,0.623
"285",2012-01-01,"Niger","NER","tillaberi",0.059,44.846,0,0,0,0,0,26.102,0.039,0,0,18.705,0,0,154,0,0.613
"286",2012-01-01,"Niger","NER","zinder",0.054,55.539,0,0,0,0,0,16.867,0.167,0,7.335,31.17,0,0,67,0,0.63
"287",2012-01-01,"Niger","NER","niamey",0.066,1.857,0,0,0,0,0,1.857,0,0,0,0,0,4,98,0,0.231
"288",2013-01-01,"Nigeria","NGA","sokoto",0.078,37.885,0,0,0,0,0,17.657,8.36,0,11.868,0,0,0,161,0,0.548
"289",2013-01-01,"Nigeria","NGA","zamfara",0.086,27.921,0,0,0,0,0,18.669,8.458,0,0.794,0,0,0,4,0,0.605
"290",2013-01-01,"Nigeria","NGA","katsina",0.106,28.776,0,0,0,0,0,0.76,23.771,0,4.245,0,0,3,354,0,0.52
"291",2013-01-01,"Nigeria","NGA","jigawa",0.068,24.346,0,0,0,0,0,10.373,13.973,0,0,0,0,0,70,0,0.552
"292",2013-01-01,"Nigeria","NGA","borno",0.058,46.332,0,0,0,0,0,18.951,27.381,0,0,0,0,0,242,0,0.401
"293",2013-01-01,"Nigeria","NGA","adamawa",0.096,31.396,0,0,0,0,2.356,3.224,25.816,0,0,0,0,0,269,0,0.295
"294",2013-01-01,"Nigeria","NGA","gombe",0.094,23.943,0,0,0,0,0,23.278,0.665,0,0,0,6,2,43,1,0.471
"295",2013-01-01,"Nigeria","NGA","bauchi",0.088,39.837,0,0,0,0,0,23.415,16.422,0,0,0,0,0,206,0,0.583
"296",2013-01-01,"Nigeria","NGA","kano",0.152,24.169,0,0,0,0,0,0.222,23.947,0,0,0,0,5,306,2,0.434
"297",2013-01-01,"Nigeria","NGA","kaduna",0.269,45.647,0,0,0,0,0,12.218,33.428,0,0,0,2,16,372,0,0.311
"298",2013-01-01,"Nigeria","NGA","kebbi",0.082,33.084,0,0,0,0,0,23.235,8.713,0,1.136,0,0,0,267,0,0.553
"299",2013-01-01,"Nigeria","NGA","niger",0.131,37.034,0,0,0,0,2.269,25.484,9.281,0,0,0,0,1,185,0,0.324
"300",2013-01-01,"Nigeria","NGA","fct abuja",0.254,15.556,0,0,0,0,2.956,12.6,0,0,0,0,0,1,483,52,0.108
"301",2013-01-01,"Nigeria","NGA","nasarawa",0.12,19.917,0,0,0,0,0.299,16.042,3.575,0,0,0,0,0,68,1,0.251
"302",2013-01-01,"Nigeria","NGA","plateau",0.099,27.276,0,0,0,0,0,13.475,13.801,0,0,0,1,1,399,0,0.273
"303",2013-01-01,"Nigeria","NGA","taraba",0.084,44.153,0,0,0,0,19.569,5.329,19.255,0,0,0,0,0,247,0,0.448
"304",2013-01-01,"Nigeria","NGA","benue",0.1,28.005,0,0,0,0,6.77,0.688,20.547,0,0,0,0,1,76,1,0.28
"305",2013-01-01,"Nigeria","NGA","kogi",0.232,29.763,0,0,0,0,25.059,0.192,3.072,0,1.44,0,0,3,88,1,0.113
"306",2013-01-01,"Nigeria","NGA","kwara",0.115,27.452,0,0,0,0,7.918,6.154,13.38,0,0,0,0,4,305,0,0.099
"307",2013-01-01,"Nigeria","NGA","oyo",0.18,28.352,0,0,0,0,6.263,11.691,8.729,0,1.669,0,0,5,340,0,0.155
"308",2013-01-01,"Nigeria","NGA","osun",0.287,14.011,0,0,0,0,0.598,0,0.059,0,13.353,0,0,0,76,0,0.043
"309",2013-01-01,"Nigeria","NGA","ekiti",0.224,15.798,0,0,0,0,13.223,0,1.11,0,1.464,0,0,0,74,0,0.051
"310",2013-01-01,"Nigeria","NGA","ondo",0.961,17.548,0,0,0,3.189,12.611,0,0,0,1.621,0,0,0,13,0,0.127
"311",2013-01-01,"Nigeria","NGA","edo",2.225,26.647,0,0,0,12.365,6.296,0,0,0,7.369,0,0,151,122,0,0.08
"312",2013-01-01,"Nigeria","NGA","anambra",1.843,9.723,0,0,0,0,4.859,0,0,0,4.864,0,0,0,60,0,0.05
"313",2013-01-01,"Nigeria","NGA","enugu",0.435,15.455,0,0,0,0,15.278,0,0,0,0.177,0,0,192,30,1,0.123
"314",2013-01-01,"Nigeria","NGA","ebonyi",0.512,12.963,0,0,0,0,6.215,0,6.646,0,0,0,0,0,31,10,0.265
"315",2013-01-01,"Nigeria","NGA","cross river",0.606,28.402,0,0,0,0,4.532,0,8.585,0,0,0,0,0,88,0,0.146
"316",2013-01-01,"Nigeria","NGA","akwa ibom",4.511,13.704,0,0,0,0,4.318,0,0,0,0,0,0,0,11,0,0.099
"317",2013-01-01,"Nigeria","NGA","abia",2.392,13.214,0,0,0,0,11.843,0,0,0,0,0,0,0,47,0,0.088
"318",2013-01-01,"Nigeria","NGA","imo",2.867,20.952,0,0,0,0,20.952,0,0,0,0,0,0,0,41,0,0.083
"319",2013-01-01,"Nigeria","NGA","rivers",3.014,20.245,0,0,0,0,6.426,0,0,0,0,0,0,0,273,0,0.088
"320",2013-01-01,"Nigeria","NGA","bayelsa",1.159,18.767,0,0,0,0,2.916,0,0,0,0,0,0,0,0,0,0.12
"321",2013-01-01,"Nigeria","NGA","delta",2.545,27.41,0,0,0,0.697,8.323,0,0,0,4.82,0,0,0,117,0,0.107
"322",2013-01-01,"Nigeria","NGA","lagos",0.723,8.819,0,0,0,0,8.023,0,0,0,0.796,0,0,5,773,3,0.035
"323",2013-01-01,"Nigeria","NGA","ogun",0.527,22.52,0,0,0,0,10.492,3.498,5.676,0,2.855,0,0,0,107,0,0.112
"324",2017-01-01,"Nigeria","NGA","sokoto",0.235,37.885,0,0,0,0,0,17.657,8.36,0,11.868,0,0,5,255,269,0.536
"325",2017-01-01,"Nigeria","NGA","zamfara",0.257,27.921,0,0,0,0,0,10.349,16.778,0,0.794,0,1,1,266,9,0.518
"326",2017-01-01,"Nigeria","NGA","katsina",0.277,28.776,0,0,0,0,0,0.022,24.509,0,4.245,0,0,15,556,0,0.462
"327",2017-01-01,"Nigeria","NGA","jigawa",0.247,24.346,0,0,0,0,0,10.264,14.083,0,0,0,0,12,165,1,0.531
"328",2017-01-01,"Nigeria","NGA","yobe",0.218,31.296,0,0,0,0,0,25.7,5.596,0,0,0,0,14,185,28,0.488
"329",2017-01-01,"Nigeria","NGA","borno",0.261,46.332,0,0,0,0,0,18.951,27.381,0,0,0,0,476,452,2366,0.334
"330",2017-01-01,"Nigeria","NGA","adamawa",0.247,31.396,0,0,0,0,2.356,3.224,25.816,0,0,0,0,16,590,80,0.321
"331",2017-01-01,"Nigeria","NGA","gombe",0.248,23.943,0,0,0,0,0,17.943,6,0,0,0,5,17,267,6,0.456
"332",2017-01-01,"Nigeria","NGA","bauchi",0.252,39.837,0,0,0,0,0,3.536,36.301,0,0,0,0,1061,373,115,0.503
"333",2017-01-01,"Nigeria","NGA","kano",0.386,24.169,0,0,0,0,0,0.222,23.947,0,0,0,512,1278,676,884,0.4
"334",2017-01-01,"Nigeria","NGA","kaduna",0.383,45.647,0,0,0,0,0,10.93,34.717,0,0,0,19,34,574,69,0.293
"335",2017-01-01,"Nigeria","NGA","kebbi",0.247,33.084,0,0,0,0,0,23.161,6.284,0,3.639,0,0,3,491,4407,0.491
"336",2017-01-01,"Nigeria","NGA","niger",0.267,37.034,0,0,0,0,0,19.552,17.482,0,0,0,6,3,468,11024,0.362
"337",2017-01-01,"Nigeria","NGA","fct abuja",0.375,15.556,0,0,0,0,0,11.161,4.395,0,0,0,2,10,959,419,0.114
"338",2017-01-01,"Nigeria","NGA","nasarawa",0.265,19.917,0,0,0,0,0.187,16.028,3.701,0,0,0,1,0,148,5,0.272
"339",2017-01-01,"Nigeria","NGA","plateau",0.254,27.276,0,0,0,0,0,4.954,22.321,0,0,0,2,7,467,4,0.279
"340",2017-01-01,"Nigeria","NGA","taraba",0.24,44.153,0,0,0,0,19.569,5.329,19.255,0,0,0,0,1,310,13,0.335
"341",2017-01-01,"Nigeria","NGA","benue",0.267,28.005,0,0,0,0,6.77,0.688,20.547,0,0,0,0,2,358,181,0.181
"342",2017-01-01,"Nigeria","NGA","kogi",0.419,29.763,0,0,0,0,19.36,0.192,8.771,0,1.44,0,0,4,215,124,0.135
"343",2017-01-01,"Nigeria","NGA","kwara",0.262,27.452,0,0,0,0,7.27,5.234,14.947,0,0,0,0,5,334,4,0.144
"344",2017-01-01,"Nigeria","NGA","oyo",0.332,28.352,0,0,0,0,6.263,0.519,19.901,0,1.669,0,14,56,524,238,0.108
"345",2017-01-01,"Nigeria","NGA","osun",0.456,14.011,0,0,0,0,0.598,0,0.059,0,13.353,0,16,6,330,52,0.045
"346",2017-01-01,"Nigeria","NGA","ekiti",0.336,15.798,0,0,0,0,13.223,0,1.11,0,1.464,0,0,0,265,1,0.053
"347",2017-01-01,"Nigeria","NGA","ondo",0.699,17.548,0,0,0,3.189,12.611,0,0,0,1.621,0,2,0,357,407,0.085
"348",2017-01-01,"Nigeria","NGA","edo",1.746,26.647,0,0,0,12.365,6.296,0,0,0,7.369,0,1,112,236,24,0.02
"349",2017-01-01,"Nigeria","NGA","anambra",2.528,9.723,0,0,0,0,4.343,0,0,0,5.381,0,1,0,302,21,0.038
"350",2017-01-01,"Nigeria","NGA","enugu",0.519,15.455,0,0,0,0,15.076,0,0,0,0.379,0,2,69,183,417,0.038
"351",2017-01-01,"Nigeria","NGA","ebonyi",0.543,12.963,0,0,0,0,4.126,0,6.646,0,2.089,0,0,0,189,10,0.169
"352",2017-01-01,"Nigeria","NGA","cross river",0.643,28.402,0,0,0,0,3.719,0,8.585,0,0.813,0,0,1,223,0,0.118
"353",2017-01-01,"Nigeria","NGA","akwa ibom",3.462,13.704,0,0,0,0,0,0,0,0,4.318,0,4,0,271,231,0.09
"354",2017-01-01,"Nigeria","NGA","abia",1.827,13.214,0,0,0,0,0.151,0,0,0,11.692,0,0,3,179,46,0.041
"355",2017-01-01,"Nigeria","NGA","imo",2.571,20.952,0,0,0,0,8.139,0,0,0,12.813,0,0,3,504,16,0.035
"356",2017-01-01,"Nigeria","NGA","rivers",2.9,20.245,0,0,0,0,4.948,0,0,0,1.478,0,6,12,389,111,0.029
"357",2017-01-01,"Nigeria","NGA","bayelsa",1.545,18.767,0,0,0,0,2.916,0,0,0,0,0,0,0,37,0,0.099
"358",2017-01-01,"Nigeria","NGA","delta",2.528,27.41,0,0,0,0.697,8.323,0,0,0,4.82,0,0,1,440,3,0.051
"359",2017-01-01,"Nigeria","NGA","lagos",0.803,8.819,0,0,0,0,8.023,0,0,0,0.796,0,1,55,1006,306,0.01
"360",2017-01-01,"Nigeria","NGA","ogun",0.652,22.52,0,0,0,0,10.492,3.498,5.676,0,2.855,0,0,1,488,93,0.057
"361",2018-01-01,"Nigeria","NGA","sokoto",0.244,37.885,0,0,0,0,0,24.398,8.36,0,5.128,0,0,19,479,1079,0.555
"362",2018-01-01,"Nigeria","NGA","zamfara",0.25,27.921,0,0,0,0,0,10.349,16.778,0,0.794,0,1,2,428,416,0.476
"363",2018-01-01,"Nigeria","NGA","katsina",0.273,28.776,0,0,0,0,0,0.022,24.509,0,4.245,0,0,27,916,2,0.398
"364",2018-01-01,"Nigeria","NGA","jigawa",0.244,24.346,0,0,0,0,0,10.264,14.083,0,0,0,0,12,313,15,0.493
"365",2018-01-01,"Nigeria","NGA","yobe",0.212,31.296,0,0,0,0,0,25.7,5.596,0,0,0,2,14,202,1679,0.54
"366",2018-01-01,"Nigeria","NGA","borno",0.241,46.332,0,0,0,0,0,18.951,27.381,0,0,0,0,480,408,5676,0.342
"367",2018-01-01,"Nigeria","NGA","adamawa",0.251,31.396,0,0,0,0,2.356,3.224,25.816,0,0,0,1,16,535,103,0.333
"368",2018-01-01,"Nigeria","NGA","gombe",0.243,23.943,0,0,0,0,0,17.943,6,0,0,0,5,20,394,8,0.485
"369",2018-01-01,"Nigeria","NGA","bauchi",0.238,39.837,0,0,0,0,0,3.536,36.301,0,0,0,0,1058,491,114,0.451
"370",2018-01-01,"Nigeria","NGA","kano",0.379,24.169,0,0,0,0,0,0.222,23.947,0,0,0,512,1278,818,896,0.369
"371",2018-01-01,"Nigeria","NGA","kaduna",0.369,45.647,0,0,0,0,0,10.93,34.717,0,0,0,19,37,849,358,0.308
"372",2018-01-01,"Nigeria","NGA","kebbi",0.246,33.084,0,0,0,0,0,24.298,8.786,0,0,0,0,5,572,4418,0.585
"373",2018-01-01,"Nigeria","NGA","niger",0.273,37.034,0,0,0,0,0,19.552,17.482,0,0,0,12,8,661,17492,0.378
"374",2018-01-01,"Nigeria","NGA","fct abuja",0.399,15.556,0,0,0,0,0,11.161,4.395,0,0,0,2,11,1013,436,0.119
"375",2018-01-01,"Nigeria","NGA","nasarawa",0.28,19.917,0,0,0,0,0.187,16.028,3.701,0,0,0,2,0,243,5,0.161
"376",2018-01-01,"Nigeria","NGA","plateau",0.247,27.276,0,0,0,0,0,4.954,22.321,0,0,0,3,9,546,9,0.255
"377",2018-01-01,"Nigeria","NGA","taraba",0.233,44.153,0,0,0,0,19.569,5.329,19.255,0,0,0,0,1,436,16,0.369
"378",2018-01-01,"Nigeria","NGA","benue",0.257,28.005,0,0,0,0,6.77,0.688,20.547,0,0,0,0,2,390,224,0.168
"379",2018-01-01,"Nigeria","NGA","kogi",0.44,29.763,0,0,0,0,20.8,0.192,8.771,0,0,0,1,5,392,671,0.148
"380",2018-01-01,"Nigeria","NGA","kwara",0.27,27.452,0,0,0,0,7.27,5.234,14.947,0,0,0,1,5,466,69,0.21
"381",2018-01-01,"Nigeria","NGA","oyo",0.351,28.352,0,0,0,0,6.263,0.519,19.901,0,1.669,0,14,58,838,439,0.085
"382",2018-01-01,"Nigeria","NGA","osun",0.493,14.011,0,0,0,0,0.598,0,0.059,0,13.353,0,267,7,421,1204,0.085
"383",2018-01-01,"Nigeria","NGA","ekiti",0.366,15.798,0,0,0,0,13.223,0,1.11,0,1.464,0,0,0,329,4,0.087
"384",2018-01-01,"Nigeria","NGA","ondo",0.768,17.548,0,0,0,3.189,12.611,0,0,0,1.621,0,2,0,366,439,0.087
"385",2018-01-01,"Nigeria","NGA","edo",2.079,26.647,0,0,0,12.365,13.665,0,0,0,0,0,1,114,321,93,0.09
"386",2018-01-01,"Nigeria","NGA","anambra",2.717,9.723,0,0,0,0,9.207,0,0,0,0.516,0,1,0,414,22,0.035
"387",2018-01-01,"Nigeria","NGA","enugu",0.536,15.455,0,0,0,0,15.253,0,0,0,0.202,0,5,69,296,439,0.087
"388",2018-01-01,"Nigeria","NGA","ebonyi",0.576,12.963,0,0,0,0,4.126,0,6.646,0,2.089,0,31,2,317,10,0.194
"389",2018-01-01,"Nigeria","NGA","cross river",0.619,28.402,0,0,0,0,3.719,0,8.585,0,0.813,0,0,1,318,3,0.12
"390",2018-01-01,"Nigeria","NGA","akwa ibom",3.635,13.704,0,0,0,0,0,0,0,0,4.318,0,4,1,459,231,0.085
"391",2018-01-01,"Nigeria","NGA","abia",2.077,13.214,0,0,0,0,0.151,0,0,0,11.692,0,0,4,261,46,0.035
"392",2018-01-01,"Nigeria","NGA","imo",2.915,20.952,0,0,0,0,8.139,0,0,0,12.813,0,2,4,467,16,0.049
"393",2018-01-01,"Nigeria","NGA","rivers",3.192,20.245,0,0,0,0,4.948,0,0,0,1.478,0,14,48,520,955,0.056
"394",2018-01-01,"Nigeria","NGA","bayelsa",1.727,18.767,0,0,0,0,2.916,0,0,0,0,0,0,19,49,404,0.117
"395",2018-01-01,"Nigeria","NGA","delta",3.016,27.41,0,0,0,0.697,13.144,0,0,0,0,0,0,53,533,3,0.077
"396",2018-01-01,"Nigeria","NGA","lagos",0.712,8.819,0,0,0,0,8.023,0,0,0,0.796,0,1,82,1261,488,0.016
"397",2018-01-01,"Nigeria","NGA","ogun",0.63,22.52,0,0,0,0,10.492,3.498,5.676,0,2.855,0,0,3,780,93,0.049
"398",2021-01-01,"Nigeria","NGA","sokoto",0.294,37.885,0,0,0,0,0,24.398,8.36,0,5.128,0,0,177,485,1115,0.437
"399",2021-01-01,"Nigeria","NGA","zamfara",0.32,27.921,0,0,0,0,0,13.607,13.52,0,0.794,0,1,110,431,510,0.391
"400",2021-01-01,"Nigeria","NGA","katsina",0.347,28.776,0,0,0,0,0,0.022,24.509,0,4.245,0,14,54,921,58,0.333
"401",2021-01-01,"Nigeria","NGA","jigawa",0.28,24.346,0,0,0,0,0,10.264,14.083,0,0,0,0,16,323,163,0.438
"402",2021-01-01,"Nigeria","NGA","yobe",0.256,31.296,0,0,0,0,0,25.7,5.596,0,0,0,3,459,233,4335,0.343
"403",2021-01-01,"Nigeria","NGA","borno",0.289,46.332,0,0,0,0,0,23.325,23.008,0,0,0,0,574,424,7557,0.292
"404",2021-01-01,"Nigeria","NGA","adamawa",0.294,31.396,0,0,0,0,2.356,3.224,25.816,0,0,0,1,660,546,2546,0.182
"405",2021-01-01,"Nigeria","NGA","gombe",0.281,23.943,0,0,0,0,0,17.943,6,0,0,0,12,31,396,207,0.334
"406",2021-01-01,"Nigeria","NGA","bauchi",0.281,39.837,0,0,0,0,0,3.536,36.301,0,0,0,2,684,496,800,0.441
"407",2021-01-01,"Nigeria","NGA","kano",0.468,24.169,0,0,0,0,0,0.222,23.947,0,0,0,509,799,868,2586,0.25
"408",2021-01-01,"Nigeria","NGA","kaduna",0.46,45.647,0,0,0,0,0,10.93,34.717,0,0,0,44,55,878,870,0.167
"409",2021-01-01,"Nigeria","NGA","kebbi",0.302,33.084,0,0,0,0,0,30.208,2.876,0,0,0,1,171,580,4418,0.437
"410",2021-01-01,"Nigeria","NGA","niger",0.316,37.034,0,0,0,0,0,22.711,14.323,0,0,0,22,266,690,24459,0.219
"411",2021-01-01,"Nigeria","NGA","fct abuja",0.472,15.556,0,0,0,0,0,14.116,1.439,0,0,0,41,21,1073,1200,0.041
"412",2021-01-01,"Nigeria","NGA","nasarawa",0.313,19.917,0,0,0,0,0.187,16.14,3.589,0,0,0,10,5,249,21,0.189
"413",2021-01-01,"Nigeria","NGA","plateau",0.274,27.276,0,0,0,0,0,4.954,22.321,0,0,0,41,9,600,67,0.194
"414",2021-01-01,"Nigeria","NGA","taraba",0.268,44.153,0,0,0,0,10.586,14.312,19.255,0,0,0,0,2,451,228,0.27
"415",2021-01-01,"Nigeria","NGA","benue",0.269,28.005,0,0,0,0,6.77,0.688,20.547,0,0,0,0,2,395,615,0.116
"416",2021-01-01,"Nigeria","NGA","kogi",0.37,29.763,0,0,0,0,19.36,5.891,3.072,0,1.44,0,1,6,414,463,0.064
"417",2021-01-01,"Nigeria","NGA","kwara",0.293,27.452,0,0,0,0,0.905,5.739,20.809,0,0,0,10,9,474,2704,0.096
"418",2021-01-01,"Nigeria","NGA","oyo",0.408,28.352,0,0,0,0,2.065,0.519,24.099,0,1.669,0,37,121,948,16286,0.081
"419",2021-01-01,"Nigeria","NGA","osun",0.591,14.011,0,0,0,0,0.047,0,0.611,0,13.353,0,267,13,432,1430,0.031
"420",2021-01-01,"Nigeria","NGA","ekiti",0.376,15.798,0,0,0,0,13.223,0,1.11,0,1.464,0,40,0,335,196,0.053
"421",2021-01-01,"Nigeria","NGA","ondo",0.684,17.548,0,0,0,3.189,12.611,0,0,0,1.621,0,38,2,370,863,0.064
"422",2021-01-01,"Nigeria","NGA","edo",1.161,26.647,0,0,0,12.365,6.296,0,0,0,7.369,0,3,70,326,191,0.036
"423",2021-01-01,"Nigeria","NGA","anambra",1.528,9.723,0,0,0,0,4.859,0,0,0,4.864,0,7,1,473,181,0.009
"424",2021-01-01,"Nigeria","NGA","enugu",0.536,15.455,0,0,0,0,15.278,0,0,0,0.177,0,26,61,297,443,0.03
"425",2021-01-01,"Nigeria","NGA","ebonyi",0.542,12.963,0,0,0,0,6.215,0,6.646,0,0,0,34,1,327,101,0.034
"426",2021-01-01,"Nigeria","NGA","cross river",0.451,28.402,0,0,0,0,4.532,0,8.585,0,0,0,0,7,327,505,0.078
"427",2021-01-01,"Nigeria","NGA","akwa ibom",1.966,13.704,0,0,0,0,4.318,0,0,0,0,0,4,2,490,248,0.045
"428",2021-01-01,"Nigeria","NGA","abia",1.624,13.214,0,0,0,0,11.843,0,0,0,0,0,0,4,265,118,0.042
"429",2021-01-01,"Nigeria","NGA","imo",1.98,20.952,0,0,0,0,20.952,0,0,0,0,0,2,6,513,234,0.018
"430",2021-01-01,"Nigeria","NGA","rivers",1.914,20.245,0,0,0,0,6.426,0,0,0,0,0,102,61,566,3588,0.035
"431",2021-01-01,"Nigeria","NGA","bayelsa",1.417,18.767,0,0,0,0,2.916,0,0,0,0,0,13,28,137,355,0.064
"432",2021-01-01,"Nigeria","NGA","delta",1.718,27.41,0,0,0,0.697,8.323,0,0,0,4.82,0,5,51,564,91,0.051
"433",2021-01-01,"Nigeria","NGA","lagos",0.87,8.819,0,0,0,0,8.023,0,0,0,0.796,0,10,72,1441,7575,0.004
"434",2021-01-01,"Nigeria","NGA","ogun",0.751,22.52,0,0,0,0,10.492,3.498,5.676,0,2.855,0,7,7,843,132,0.092
"435",2014-01-01,"Senegal","SEN","centre",0.113,29.48,0,0,0,0,0,22.042,7.4,0,0,0,9,18,140,78,0.443
"436",2014-01-01,"Senegal","SEN","nord",0.065,44.181,0,0,0,0,0,38.46,0,0,0,0.643,25,25,111,111,0.326
"437",2014-01-01,"Senegal","SEN","sud",0.105,42.988,0,0,0,0,9.217,30.904,2.866,0,0,0,47,36,263,403,0.421
"438",2014-01-01,"Senegal","SEN","ouest",0.203,15.171,0,0,0,0,0,7.157,0,0,0,0,85,92,709,180,0.156
"439",2015-01-01,"Senegal","SEN","centre",0.144,29.48,0,0,0,0,0,22.042,7.4,0,0,0,27,26,74,172,0.449
"440",2015-01-01,"Senegal","SEN","nord",0.104,44.181,0,0,0,0,0,38.46,0,0,0,0.643,29,32,14,189,0.373
"441",2015-01-01,"Senegal","SEN","sud",0.129,42.988,0,0,0,0,9.217,30.904,2.866,0,0,0,63,50,58,666,0.425
"442",2015-01-01,"Senegal","SEN","ouest",0.252,15.171,0,0,0,0,0,7.157,0,0,0,0,85,146,163,332,0.156
"443",2016-01-01,"Senegal","SEN","centre",0.084,29.48,0,0,0,0,0,22.042,7.4,0,0,0,33,33,160,564,0.399
"444",2016-01-01,"Senegal","SEN","nord",0.039,44.181,0,0,0,0,0,38.46,0,0,0,0.643,28,39,53,188,0.365
"445",2016-01-01,"Senegal","SEN","sud",0.087,42.988,0,0,0,0,9.217,30.904,2.866,0,0,0,93,67,155,862,0.416
"446",2016-01-01,"Senegal","SEN","ouest",0.19,15.171,0,0,0,0,0,7.157,0,0,0,0,101,253,491,506,0.127
"447",2017-01-01,"Senegal","SEN","dakar",0.743,4.791,0,0,0,0,0,0,0,0,0,0,113,290,557,318,0.052
"448",2017-01-01,"Senegal","SEN","diourbel",0.317,10.129,0,0,0,0,0,10.054,0,0,0,0,0,10,78,71,0.422
"449",2017-01-01,"Senegal","SEN","fatick",0.334,18.815,0,0,0,0,0,12.257,6.558,0,0,0,4,19,41,75,0.284
"450",2017-01-01,"Senegal","SEN","kaffrine",0.25,23.558,0,0,0,0,0,19.885,3.673,0,0,0,5,4,32,75,0.559
"451",2017-01-01,"Senegal","SEN","kaokack",0.298,11.162,0,0,0,0,0,4.952,6.209,0,0,0,26,12,39,344,0.326
"452",2017-01-01,"Senegal","SEN","kedougou",0.338,23.446,0,0,0,0,0.956,22.49,0,0,0,0,10,21,21,338,0.416
"453",2017-01-01,"Senegal","SEN","kolda",0.284,19.257,0,0,0,0,8.945,7.911,2.402,0,0,0,32,9,53,86,0.505
"454",2017-01-01,"Senegal","SEN","louga",0.249,26.226,0,0,0,0,0,20.364,0,0,0,0,1,14,39,0,0.385
"455",2017-01-01,"Senegal","SEN","matam",0.247,35.305,0,0,0,0,0,34.722,0,0,0,0.583,10,7,14,310,0.42
"456",2017-01-01,"Senegal","SEN","saint louis",0.248,20.2,0,0,0,0,0,16.559,0,0,0,0.616,25,29,27,281,0.286
"457",2017-01-01,"Senegal","SEN","sediou",0.257,20.355,0,0,0,0,13.274,0.064,7.016,0,0,0,0,1,8,1,0.436
"458",2017-01-01,"Senegal","SEN","tambacounda",0.284,32.224,0,0,0,0,1.045,31.179,0,0,0,0,20,11,57,1059,0.512
"459",2017-01-01,"Senegal","SEN","thies",0.379,13.974,0,0,0,0,0,7.157,0,0,0,0,14,71,192,301,0.226
"460",2017-01-01,"Senegal","SEN","ziguinchor",0.257,14.76,0,0,0,0,0.423,11.02,3.317,0,0,0,47,31,16,442,0.189
"461",2019-01-01,"Senegal","SEN","dakar",0.789,4.791,0,0,0,0,0,0,0,0,0,0,115,328,862,407,0.084
"462",2019-01-01,"Senegal","SEN","diourbel",0.29,10.129,0,0,0,0,0,10.054,0,0,0,0,0,17,141,73,0.36
"463",2019-01-01,"Senegal","SEN","fatick",0.314,18.815,0,0,0,0,0,12.257,6.558,0,0,0,5,21,100,152,0.283
"464",2019-01-01,"Senegal","SEN","kaffrine",0.18,23.558,0,0,0,0,0,19.885,3.673,0,0,0,5,6,36,75,0.502
"465",2019-01-01,"Senegal","SEN","kaokack",0.251,11.162,0,0,0,0,0,4.952,6.209,0,0,0,26,21,84,346,0.303
"466",2019-01-01,"Senegal","SEN","kedougou",0.265,23.446,0,0,0,0,0.956,22.49,0,0,0,0,17,26,53,576,0.287
"467",2019-01-01,"Senegal","SEN","kolda",0.225,19.257,0,0,0,0,8.945,7.911,2.402,0,0,0,33,14,125,109,0.411
"468",2019-01-01,"Senegal","SEN","louga",0.186,26.226,0,0,0,0,0,20.364,0,0,0,0,8,17,97,77,0.3
"469",2019-01-01,"Senegal","SEN","matam",0.178,35.305,0,0,0,0,0,34.722,0,0,0,0.583,17,50,165,561,0.359
"470",2019-01-01,"Senegal","SEN","saint louis",0.185,20.2,0,0,0,0,0,16.559,0,0,0,0.616,151,103,76,2540,0.273
"471",2019-01-01,"Senegal","SEN","sediou",0.213,20.355,0,0,0,0,13.274,0.064,7.016,0,0,0,0,4,109,2,0.388
"472",2019-01-01,"Senegal","SEN","tambacounda",0.215,32.224,0,0,0,0,1.045,31.179,0,0,0,0,20,17,215,1084,0.363
"473",2019-01-01,"Senegal","SEN","thies",0.364,13.974,0,0,0,0,0,7.157,0,0,0,0,18,70,393,401,0.202
"474",2019-01-01,"Senegal","SEN","ziguinchor",0.212,14.76,0,0,0,0,0.423,11.02,3.317,0,0,0,47,32,146,501,0.129
"475",2013-01-01,"Sierra Leone","SLE","bo",0.098,11.206,0,0,0,10.202,0.006,0,0,0,0,0,0,25,20,0,0.408
"476",2013-01-01,"Sierra Leone","SLE","bombali",0.15,16.888,0,0,0,0.81,16.078,0,0,0,0,0,0,1,17,343,0.379
"477",2013-01-01,"Sierra Leone","SLE","bonthe",0.091,9.704,0,0,0,1.249,0,0,0,0,0,0,0,0,0,0,0.49
"478",2013-01-01,"Sierra Leone","SLE","kailahun",0.114,10.751,0,0,0,0.089,6.804,0,0,0,0,0,0,0,1,0,0.475
"479",2013-01-01,"Sierra Leone","SLE","kambia",0.149,6.17,0,0,0,0,5.37,0,0,0,0,0,0,0,6,0,0.533
"480",2013-01-01,"Sierra Leone","SLE","kenema",0.101,13.023,0,0,0,11.238,0.893,0,0,0,0,0,0,0,13,0,0.432
"481",2013-01-01,"Sierra Leone","SLE","koinadugu",0.155,17.003,0,0,0,0.942,16.061,0,0,0,0,0,0,0,5,0,0.547
"482",2013-01-01,"Sierra Leone","SLE","kono",0.114,11.058,0,0,0,4.588,6.471,0,0,0,0,0,0,1,2,0,0.472
"483",2013-01-01,"Sierra Leone","SLE","moyamba",0.103,11.39,0,0,0,1.114,6.185,0,0,0,0,0,0,0,30,0,0.506
"484",2013-01-01,"Sierra Leone","SLE","port loko",0.115,16.239,0,0,0,0,13.642,0,0,0,0,0,0,4,28,2,0.472
"485",2013-01-01,"Sierra Leone","SLE","pujehun",0.09,17.119,0,0,0,16.583,0,0,0,0,0,0,0,0,12,0,0.499
"486",2013-01-01,"Sierra Leone","SLE","tonkolili",0.115,17.618,0,0,0,9.689,7.929,0,0,0,0,0,0,0,18,0,0.49
"487",2013-01-01,"Sierra Leone","SLE","western rural",0.111,2.539,0,0,0,0,0.438,0,0,0,0,0,0,2,27,0,0.244
"488",2013-01-01,"Sierra Leone","SLE","western urban",0.111,0.693,0,0,0,0,0,0,0,0,0,0,1,4,100,0,0.172
"489",2017-01-01,"Sierra Leone","SLE","kailahun",0.257,11.351,0,0,0,0.129,7.172,0,0,0,0,0,0,74,126,358,0.365
"490",2017-01-01,"Sierra Leone","SLE","kenema",0.244,12.745,0,0,0,11.196,0.674,0,0,0,0,0,13,8,102,6007,0.283
"491",2017-01-01,"Sierra Leone","SLE","kono",0.265,11.043,0,0,0,4.785,6.259,0,0,0,0,0,14,25,2,1408,0.317
"492",2017-01-01,"Sierra Leone","SLE","bombali",0.303,16.903,0,0,0,0.793,16.11,0,0,0,0,0,110,21,70,3185,0.287
"493",2017-01-01,"Sierra Leone","SLE","kambia",0.304,6.338,0,0,0,0,5.424,0,0,0,0,0,62,27,1417,581,0.394
"494",2017-01-01,"Sierra Leone","SLE","koinadugu",0.308,17.012,0,0,0,0.86,16.152,0,0,0,0,0,6,26,42,661,0.461
"495",2017-01-01,"Sierra Leone","SLE","port loko",0.271,16.295,0,0,0,0,13.773,0,0,0,0,0,51,16,102,2868,0.347
"496",2017-01-01,"Sierra Leone","SLE","tonkolili",0.27,17.425,0,0,0,9.903,7.521,0,0,0,0,0,25,9,30,531,0.403
"497",2017-01-01,"Sierra Leone","SLE","bo",0.241,15.26,0,0,0,13.952,0,0,0,0,0,0,18,60,49,449,0.279
"498",2017-01-01,"Sierra Leone","SLE","bonthe",0.225,10.066,0,0,0,1.456,0,0,0,0,0,0,27,1,580,204,0.416
"499",2017-01-01,"Sierra Leone","SLE","moyamba",0.251,11.417,0,0,0,1.153,6.123,0,0,0,0,0,8,3,40,565,0.408
"500",2017-01-01,"Sierra Leone","SLE","pujehun",0.224,15.948,0,0,0,15.374,0,0,0,0,0,0,4,18,30,354,0.429
"501",2017-01-01,"Sierra Leone","SLE","western rural",0.266,2.605,0,0,0,0,0.556,0,0,0,0,0,7,58,50,6816,0.201
"502",2017-01-01,"Sierra Leone","SLE","western urban",0.266,0.679,0,0,0,0,0,0,0,0,0,0,6,46,141,5333,0.092
"503",2019-01-01,"Sierra Leone","SLE","bo",0.182,11.206,0,0,0,10.202,0.006,0,0,0,0,0,18,60,43,389,0.289
"504",2019-01-01,"Sierra Leone","SLE","bombali",0.216,7.023,0,0,0,0.81,6.213,0,0,0,0,0,39,19,49,2049,0.29
"505",2019-01-01,"Sierra Leone","SLE","bonthe",0.173,9.704,0,0,0,1.249,0,0,0,0,0,0,27,1,593,203,0.375
"506",2019-01-01,"Sierra Leone","SLE","falaba",0.227,11.094,0,0,0,0,11.094,0,0,0,0,0,3,19,57,252,0.462
"507",2019-01-01,"Sierra Leone","SLE","kailahun",0.195,10.751,0,0,0,0.089,6.804,0,0,0,0,0,4,76,123,279,0.319
"508",2019-01-01,"Sierra Leone","SLE","kambia",0.231,6.17,0,0,0,0,5.37,0,0,0,0,0,57,27,1420,713,0.355
"509",2019-01-01,"Sierra Leone","SLE","karene",0.225,12.6,0,0,0,0,12.57,0,0,0,0,0,76,4,30,1210,0.404
"510",2019-01-01,"Sierra Leone","SLE","kenema",0.184,13.023,0,0,0,11.238,0.893,0,0,0,0,0,13,8,103,6051,0.317
"511",2019-01-01,"Sierra Leone","SLE","koinadugu",0.227,11.528,0,0,0,1.13,10.398,0,0,0,0,0,3,7,7,426,0.309
"512",2019-01-01,"Sierra Leone","SLE","kono",0.198,11.058,0,0,0,4.588,6.471,0,0,0,0,0,10,25,2,1359,0.285
"513",2019-01-01,"Sierra Leone","SLE","moyamba",0.187,11.39,0,0,0,1.114,6.185,0,0,0,0,0,8,3,42,580,0.388
"514",2019-01-01,"Sierra Leone","SLE","port loko",0.2,12.592,0,0,0,0,10.034,0,0,0,0,0,50,17,95,2632,0.35
"515",2019-01-01,"Sierra Leone","SLE","pujehun",0.172,17.119,0,0,0,16.583,0,0,0,0,0,0,4,16,34,375,0.423
"516",2019-01-01,"Sierra Leone","SLE","tonkolili",0.2,17.618,0,0,0,9.689,7.929,0,0,0,0,0,26,9,39,576,0.37
"517",2019-01-01,"Sierra Leone","SLE","western area rural",0.211,2.539,0,0,0,0,0.438,0,0,0,0,0,1,50,54,5127,0.174
"518",2019-01-01,"Sierra Leone","SLE","western area urban",0.214,0.693,0,0,0,0,0,0,0,0,0,0,12,49,191,6081,0.079
"519",2014-01-01,"Togo","TGO","centrale",0.057,17.946,0,0,0,0,8.384,7.044,2.518,0,0,0,0,4,37,0,0.239
"520",2014-01-01,"Togo","TGO","agglomeration de lome",0.153,0.771,0,0,0,0,0,0.771,0,0,0,0,7,21,187,24,0.064
"521",2014-01-01,"Togo","TGO","kara",0.092,19.441,0,0,0,0,0,1.708,17.733,0,0,0,2,18,142,0,0.312
"522",2014-01-01,"Togo","TGO","maritime",0.18,25.314,0,0,0,0,3.973,21.341,0,0,0,0,33,15,119,12,0.174
"523",2014-01-01,"Togo","TGO","plateaux",0.103,23.667,0,0,0,0,21.923,1.744,0,0,0,0,33,16,110,428,0.317
"524",2014-01-01,"Togo","TGO","savanes",0.079,13.941,0,0,0,0,0,13.511,0.43,0,0,0,0,2,37,0,0.433
"525",2017-01-01,"Togo","TGO","centrale",0.26,17.946,0,0,0,0,8.384,7.044,2.518,0,0,0,53,31,78,487,0.191
"526",2017-01-01,"Togo","TGO","agglomeration de lome",0.367,0.771,0,0,0,0,0,0.771,0,0,0,0,24,65,293,80,0.04
"527",2017-01-01,"Togo","TGO","kara",0.3,19.441,0,0,0,0,0,0.317,19.124,0,0,0,10,24,200,933,0.266
"528",2017-01-01,"Togo","TGO","maritime",0.413,25.314,0,0,0,0,3.973,21.341,0,0,0,0,90,53,148,1393,0.178
"529",2017-01-01,"Togo","TGO","plateaux",0.331,23.667,0,0,0,0,21.923,1.744,0,0,0,0,58,30,258,728,0.191
"530",2017-01-01,"Togo","TGO","savanes",0.318,13.941,0,0,0,0,0,0.813,13.128,0,0,0,11,7,55,85,0.334
